City_ID,City,Country,Date,Lat,Lng,Max Temp,Humidity,Cloudiness,Wind Speed
0,Kodiak,US,2022-11-16 21:58:50,57.79,-152.4072,42.31,100,100,17.27
1,Naze,JP,2022-11-16 21:58:50,28.3667,129.4833,68.92,67,100,13.89
2,Kavaratti,IN,2022-11-16 21:58:50,10.5669,72.642,80.42,74,12,1.34
3,Salalah,OM,2022-11-16 21:58:51,17.0151,54.0924,74.41,72,6,3.13
4,Kapaa,US,2022-11-16 21:58:51,22.0752,-159.319,79.2,63,97,7.0
5,Khatanga,RU,2022-11-16 21:58:51,71.9667,102.5,-20.0,99,98,4.83
6,Chuy,UY,2022-11-16 21:58:51,-33.6971,-53.4616,66.09,69,4,6.04
7,Oneonta,US,2022-11-16 21:57:25,42.4529,-75.0638,39.29,97,100,10.38
8,Soligalich,RU,2022-11-16 21:58:52,59.0778,42.2864,26.71,95,100,3.56
9,Busselton,AU,2022-11-16 21:58:52,-33.65,115.3333,59.16,76,79,14.09
10,Lloydminster,CA,2022-11-16 21:55:42,53.2835,-110.0016,19.62,73,100,23.02
11,Qaanaaq,GL,2022-11-16 21:58:52,77.484,-69.3632,-2.31,98,100,3.11
12,Barrow,US,2022-11-16 21:58:52,71.2906,-156.7887,32.65,63,100,24.76
13,Deputatskiy,RU,2022-11-16 21:58:53,69.3,139.9,-27.47,100,96,1.99
14,Kaitangata,NZ,2022-11-16 21:58:53,-46.2817,169.8464,53.69,98,100,2.95
15,Hithadhoo,MV,2022-11-16 21:58:53,-0.6,73.0833,80.53,78,54,10.74
16,Chokurdakh,RU,2022-11-16 21:58:53,70.6333,147.9167,-22.4,99,97,4.05
17,Salina Cruz,MX,2022-11-16 21:58:54,16.1667,-95.2,86.67,54,50,23.87
18,Castro,BR,2022-11-16 21:58:54,-24.7911,-50.0119,62.26,64,1,4.03
19,Nemuro,JP,2022-11-16 21:58:54,43.3236,145.575,41.07,65,75,11.56
20,Mar Del Plata,AR,2022-11-16 21:58:54,-38.0023,-57.5575,71.62,78,40,6.91
21,Betamcherla,IN,2022-11-16 21:58:55,15.4667,78.1667,63.34,62,0,3.04
22,Geraldton,AU,2022-11-16 21:58:55,-28.7667,114.6,64.81,59,75,10.36
23,Hermanus,ZA,2022-11-16 21:58:55,-34.4187,19.2345,57.79,71,93,3.89
24,Rikitea,PF,2022-11-16 21:58:55,-23.1203,-134.9692,73.04,90,100,26.89
25,Ushuaia,AR,2022-11-16 21:57:44,-54.8,-68.3,56.86,38,40,8.05
26,Lebu,CL,2022-11-16 21:58:56,-37.6167,-73.65,61.7,81,6,9.89
27,Puerto Ayora,EC,2022-11-16 21:58:56,-0.7393,-90.3518,75.16,94,81,7.0
28,High Level,CA,2022-11-16 21:58:56,58.5169,-117.136,15.91,73,0,11.5
29,Yellowknife,CA,2022-11-16 21:57:54,62.456,-114.3525,1.92,71,20,11.5
30,Carnarvon,AU,2022-11-16 21:58:56,-24.8667,113.6333,66.96,64,100,15.93
31,Pestravka,RU,2022-11-16 21:58:57,52.405,49.9583,27.07,91,100,7.14
32,Butaritari,KI,2022-11-16 21:58:57,3.0707,172.7902,80.87,76,76,21.27
33,Domoni,KM,2022-11-16 21:58:57,-12.2569,44.5319,76.17,86,41,4.61
34,Dibulla,CO,2022-11-16 21:58:57,11.2725,-73.3091,81.43,86,100,8.9
35,San Patricio,US,2022-11-16 21:58:58,28.017,-97.5169,50.85,61,100,11.21
36,Vaini,TO,2022-11-16 21:58:58,-21.2,-175.2,80.76,78,20,4.61
37,Thompson,CA,2022-11-16 21:58:58,55.7435,-97.8558,19.56,93,100,5.75
38,Sobolevo,RU,2022-11-16 21:58:58,54.4299,31.8996,24.98,84,15,6.89
39,Maningrida,AU,2022-11-16 21:58:59,-12.0667,134.2667,82.42,71,98,2.77
40,Dhidhdhoo,MV,2022-11-16 21:58:59,6.8833,73.1,80.42,77,21,6.17
41,Cape Town,ZA,2022-11-16 21:58:59,-33.9258,18.4232,62.28,71,0,13.8
42,Punta Arenas,CL,2022-11-16 21:58:59,-53.15,-70.9167,57.31,38,75,18.41
43,Pitimbu,BR,2022-11-16 21:59:00,-7.4706,-34.8086,81.19,73,54,8.93
44,Saint-Ambroise,CA,2022-11-16 21:59:00,48.5501,-71.3324,25.57,86,100,6.91
45,Merauke,ID,2022-11-16 21:59:00,-8.4667,140.3333,81.46,82,100,4.52
46,Saldanha,ZA,2022-11-16 22:00:00,-33.0117,17.9442,57.25,75,64,17.98
47,Aklavik,CA,2022-11-16 22:00:01,68.2191,-135.0107,15.94,78,99,6.64
48,Iqaluit,CA,2022-11-16 22:00:01,63.7506,-68.5145,-3.53,99,81,11.65
49,Mahebourg,MU,2022-11-16 22:00:02,-20.4081,57.7,69.26,65,0,5.95
50,Ostrovnoy,RU,2022-11-16 22:00:03,68.0531,39.5131,30.97,84,93,5.44
51,Nikolskoye,RU,2022-11-16 22:00:03,59.7035,30.7861,31.91,88,100,5.39
52,Ugoofaaru,MV,2022-11-16 22:00:04,5.6667,73.0,79.79,80,61,7.99
53,Jumla,NP,2022-11-16 22:00:05,29.2747,82.1838,37.47,69,9,4.05
54,Sorland,NO,2022-11-16 22:00:06,67.667,12.6934,44.46,56,44,10.31
55,Port Elizabeth,ZA,2022-11-16 21:58:18,-33.918,25.5701,64.31,86,20,6.91
56,Alto Lucero,MX,2022-11-16 22:00:07,19.6167,-96.7167,69.42,75,77,4.34
57,Fairbanks,US,2022-11-16 22:00:08,64.8378,-147.7164,13.08,91,88,2.21
58,Albany,US,2022-11-16 21:59:51,42.6001,-73.9662,40.59,84,87,9.51
59,Codrington,AU,2022-11-16 22:00:10,-38.2667,141.9667,54.84,76,53,7.07
60,Lorengau,PG,2022-11-16 22:00:10,-2.0226,147.2712,82.94,64,92,5.59
61,Severo-Yeniseyskiy,RU,2022-11-16 22:00:11,60.3725,93.0408,4.12,98,100,3.47
62,Tinaquillo,VE,2022-11-16 22:00:11,9.9186,-68.3047,82.47,93,97,2.48
63,Tuktoyaktuk,CA,2022-11-16 22:00:12,69.4541,-133.0374,14.47,74,98,11.23
64,Ixtapa,MX,2022-11-16 22:00:12,20.7,-105.2,81.23,73,1,5.01
65,Rawson,AR,2022-11-16 22:00:13,-43.3002,-65.1023,63.73,50,0,18.41
66,Gloversville,US,2022-11-16 22:00:13,43.0528,-74.3438,38.28,95,100,6.91
67,Port Lincoln,AU,2022-11-16 22:00:14,-34.7333,135.8667,58.42,67,6,16.84
68,Mian Channun,PK,2022-11-16 22:00:15,30.44,72.3543,61.75,37,0,4.92
69,Hobart,AU,2022-11-16 21:56:05,-42.8794,147.3294,53.26,72,100,5.75
70,Sao Filipe,CV,2022-11-16 22:00:16,14.8961,-24.4956,77.72,67,34,5.97
71,Seymchan,RU,2022-11-16 22:00:17,62.8833,152.4333,-16.94,100,100,1.41
72,Carmen,MX,2022-11-16 22:00:17,18.6333,-91.8333,84.24,74,0,8.05
73,Grand Gaube,MU,2022-11-16 22:00:18,-20.0064,57.6608,69.39,68,1,5.01
74,Berezovyy,RU,2022-11-16 22:00:18,51.6667,135.7,13.21,78,12,3.8
75,La Paz,BO,2022-11-16 22:00:13,-16.5,-68.15,55.27,30,17,14.52
76,Karratha,AU,2022-11-16 22:00:18,-20.7377,116.8463,70.59,69,6,7.49
77,Port Blair,IN,2022-11-16 22:00:19,11.6667,92.75,77.54,86,99,4.5
78,Mataura,NZ,2022-11-16 22:00:20,-46.1927,168.8643,58.48,98,100,0.49
79,Leningradskiy,RU,2022-11-16 22:00:23,69.3833,178.4167,7.0,92,100,5.75
80,Sabha,LY,2022-11-16 22:00:23,27.0377,14.4283,62.83,31,3,5.97
81,Lavumisa,SZ,2022-11-16 22:00:27,-27.31,31.892,71.94,84,92,2.1
82,Oissel,FR,2022-11-16 22:00:29,49.3333,1.1,55.65,84,75,20.71
83,Chernyshevskiy,RU,2022-11-16 22:00:30,63.0128,112.4714,-2.11,97,100,1.14
84,Bluff,NZ,2022-11-16 22:00:30,-46.6,168.3333,58.8,88,100,9.22
85,Tara,RU,2022-11-16 22:00:35,56.8944,74.371,2.84,94,96,6.53
86,Vila Velha,BR,2022-11-16 21:57:16,-20.3297,-40.2925,71.94,96,75,3.44
87,Hasaki,JP,2022-11-16 22:00:37,35.7333,140.8333,47.21,63,31,15.17
88,Kamachumu,TZ,2022-11-16 22:00:38,-1.6186,31.62,63.1,82,97,3.04
89,Qaqortoq,GL,2022-11-16 22:00:38,60.7167,-46.0333,11.57,88,64,4.27
90,Ribeira Grande,PT,2022-11-16 22:00:38,38.5167,-28.7,64.78,68,57,7.0
91,Atuona,PF,2022-11-16 22:00:39,-9.8,-139.0333,78.03,75,3,13.02
92,Vostok,RU,2022-11-16 22:00:39,46.4856,135.8833,11.5,96,76,4.18
93,Antofagasta,CL,2022-11-16 22:00:04,-23.65,-70.4,64.83,71,4,5.95
94,Pochutla,MX,2022-11-16 22:00:39,15.7432,-96.4661,87.82,58,93,6.13
95,Komsomolskiy,UZ,2022-11-16 22:01:40,40.4272,71.7189,39.92,75,40,2.3
96,Piacabucu,BR,2022-11-16 22:01:40,-10.4056,-36.4344,77.45,84,58,10.18
97,Bethel,US,2022-11-16 22:01:40,41.3712,-73.414,45.48,73,82,4.0
98,Pueblo,US,2022-11-16 22:01:41,38.2545,-104.6091,46.09,22,0,5.01
99,Kathu,TH,2022-11-16 22:01:42,7.9178,98.3332,84.74,87,100,1.16
100,Jamestown,US,2022-11-16 22:00:36,42.097,-79.2353,35.02,68,100,8.99
101,Vao,NC,2022-11-16 22:01:42,-22.6667,167.4833,76.05,80,97,12.44
102,Kiama,AU,2022-11-16 22:01:43,-34.6833,150.8667,62.26,55,5,10.02
103,Bredasdorp,ZA,2022-11-16 22:01:43,-34.5322,20.0403,57.76,65,100,3.87
104,Kavieng,PG,2022-11-16 22:01:44,-2.5744,150.7967,83.01,70,100,9.06
105,Turukhansk,RU,2022-11-16 22:01:44,65.8167,87.9833,-36.6,100,85,0.49
106,Papetoai,PF,2022-11-16 22:01:44,-17.4961,-149.8729,81.99,78,40,8.23
107,Sampit,ID,2022-11-16 22:01:44,-2.5333,112.95,73.96,89,100,0.85
108,Suntar,RU,2022-11-16 22:01:45,62.1444,117.6319,3.7,98,99,2.62
109,Half Moon Bay,US,2022-11-16 22:01:11,37.4636,-122.4286,69.8,27,0,10.36
110,Abohar,IN,2022-11-16 22:01:45,30.15,74.1833,60.44,44,0,4.43
111,Cockburn Town,TC,2022-11-16 22:01:45,21.4612,-71.1419,82.04,75,5,16.46
112,Jalingo,NG,2022-11-16 22:01:46,8.8833,11.3667,78.37,34,98,2.42
113,New Norfolk,AU,2022-11-16 22:01:46,-42.7826,147.0587,52.92,64,99,1.99
114,Dikson,RU,2022-11-16 22:01:46,73.5069,80.5464,-3.68,99,100,10.09
115,Haines Junction,CA,2022-11-16 22:01:47,60.7522,-137.5108,22.8,88,99,1.43
116,Tanda,IN,2022-11-16 22:01:47,26.55,82.65,65.89,60,0,6.51
117,Sambava,MG,2022-11-16 22:01:47,-14.2667,50.1667,71.67,92,30,6.6
118,Banjar,ID,2022-11-16 22:01:47,-8.19,114.9675,78.6,85,100,3.11
119,Omsukchan,RU,2022-11-16 22:01:48,62.5333,155.8,-23.39,96,95,4.03
120,Tateyama,JP,2022-11-16 22:01:48,34.9833,139.8667,56.77,69,6,16.51
121,Dushanbe,TJ,2022-11-16 22:01:48,38.5577,68.7797,40.82,93,20,2.24
122,La Serena,CL,2022-11-16 22:01:48,-29.9078,-71.2542,64.6,77,26,5.32
123,Dzaoudzi,YT,2022-11-16 22:01:49,-12.7887,45.2699,76.89,83,40,4.61
124,Berbera,SO,2022-11-16 22:01:49,10.4396,45.0143,79.18,64,4,3.6
125,Marienburg,PL,2022-11-16 22:01:49,54.0359,19.0266,35.89,77,35,11.56
126,Eenhana,NA,2022-11-16 22:01:50,-17.4667,16.3333,82.94,35,94,10.4
127,Dapaong,TG,2022-11-16 22:01:50,10.8639,0.205,75.94,19,66,7.05
128,Guiuan,PH,2022-11-16 22:01:51,11.0333,125.7247,81.93,81,68,12.08
129,Boras,SE,2022-11-16 22:01:51,57.721,12.9401,38.82,66,100,11.21
130,Tahe,CN,2022-11-16 22:01:52,52.3333,124.7333,10.87,91,96,2.55
131,Marsa Matruh,EG,2022-11-16 22:01:52,31.3525,27.2453,66.02,67,1,8.52
132,Belogorsk,RU,2022-11-16 22:01:52,50.9158,128.4611,6.24,98,94,6.71
133,Ponta Do Sol,PT,2022-11-16 22:01:53,32.6667,-17.1,70.72,85,70,8.28
134,Bayji,IQ,2022-11-16 22:01:53,34.9311,43.487,60.33,81,93,7.67
135,Tiksi,RU,2022-11-16 22:01:53,71.6872,128.8694,-22.25,99,88,4.94
136,Provideniya,RU,2022-11-16 22:01:53,64.3833,-173.3,35.71,93,100,25.01
137,Cap Malheureux,MU,2022-11-16 22:01:54,-19.9842,57.6142,69.48,68,2,5.01
138,Cidreira,BR,2022-11-16 22:01:54,-30.1811,-50.2056,68.31,61,0,4.88
139,Kaeo,NZ,2022-11-16 22:02:54,-35.1,173.7833,68.32,96,66,9.86
140,Vila,PT,2022-11-16 22:02:54,42.0304,-8.1588,52.7,94,99,8.12
141,Ipixuna,BR,2022-11-16 22:02:55,-1.7625,-48.8043,77.9,86,88,4.03
142,Peace River,CA,2022-11-16 22:00:16,56.2501,-117.286,20.25,66,5,8.66
143,Grajau,BR,2022-11-16 22:02:55,-5.8194,-46.1386,81.72,61,66,3.22
144,Upernavik,GL,2022-11-16 22:02:55,72.7868,-56.1549,11.82,90,99,10.6
145,Tacna,PE,2022-11-16 22:02:55,-18.0056,-70.2483,63.73,70,83,6.04
146,Gwanda,ZW,2022-11-16 22:02:56,-20.9333,29.0,73.17,34,0,2.62
147,Araouane,ML,2022-11-16 22:02:56,18.9048,-3.5265,76.48,14,87,9.98
148,Cairns,AU,2022-11-16 22:02:56,-16.9167,145.7667,83.07,74,1,5.75
149,Iquitos,PE,2022-11-16 22:02:57,-3.7481,-73.2472,74.93,98,100,1.19
150,Dicabisagan,PH,2022-11-16 22:02:57,17.0818,122.4157,76.86,88,63,3.87
151,Erzin,TR,2022-11-16 22:02:57,36.9559,36.2,57.6,76,83,4.45
152,Okhotsk,RU,2022-11-16 22:02:57,59.3833,143.3,-5.1,79,9,15.1
153,Avarua,CK,2022-11-16 22:02:58,-21.2078,-159.775,78.85,65,37,17.27
154,Caravelas,BR,2022-11-16 22:02:58,-17.7125,-39.2481,74.62,93,100,6.33
155,Ngora,UG,2022-11-16 22:02:58,1.4314,33.7772,67.12,86,99,1.19
156,Souillac,MU,2022-11-16 22:02:58,-20.5167,57.5167,69.66,67,0,6.13
157,Kulhudhuffushi,MV,2022-11-16 22:02:59,6.6221,73.07,80.64,76,39,6.76
158,Mecca,SA,2022-11-16 21:59:00,21.4267,39.8261,78.42,70,51,2.62
159,Ancud,CL,2022-11-16 22:02:59,-41.8697,-73.8203,57.96,78,30,5.26
160,Arraial Do Cabo,BR,2022-11-16 22:02:59,-22.9661,-42.0278,72.46,86,95,16.67
161,Morros,BR,2022-11-16 22:02:59,-9.4467,-46.3003,74.68,79,84,6.62
162,Pimentel,PE,2022-11-16 22:03:00,-6.8367,-79.9342,65.25,82,43,16.37
163,Camabatela,AO,2022-11-16 22:03:00,-8.1881,15.375,61.86,87,100,1.81
164,Surman,LY,2022-11-16 22:03:00,32.7567,12.5716,67.77,29,0,11.12
165,Tauramena,CO,2022-11-16 22:03:00,5.0183,-72.7492,78.17,83,100,1.81
166,Gambo,CF,2022-11-16 22:03:01,4.6482,22.2633,68.97,73,100,1.05
167,Hualmay,PE,2022-11-16 22:03:01,-11.0964,-77.6139,66.72,78,90,9.06
168,Mount Gambier,AU,2022-11-16 22:01:52,-37.8333,140.7667,55.24,63,49,3.33
169,Torbay,CA,2022-11-16 22:00:23,47.6666,-52.7314,33.58,78,73,1.01
170,Tiznit,MA,2022-11-16 22:03:01,29.5833,-9.5,64.96,30,59,0.76
171,Bambous Virieux,MU,2022-11-16 22:03:01,-20.3428,57.7575,69.22,64,0,5.82
172,Lompoc,US,2022-11-16 22:03:02,34.6391,-120.4579,76.01,26,0,9.22
173,Biala Podlaska,PL,2022-11-16 21:59:22,52.0324,23.1165,34.5,78,100,15.37
174,Nyurba,RU,2022-11-16 22:03:02,63.2842,118.3319,2.77,97,100,3.83
175,Alice Springs,AU,2022-11-16 22:00:15,-23.7,133.8833,62.15,94,40,5.75
176,George Town,MY,2022-11-16 22:03:02,5.4112,100.3354,80.24,90,20,0.0
177,Gat,IL,2022-11-16 22:03:03,31.61,34.7642,64.4,100,40,4.5
178,Klaksvik,FO,2022-11-16 22:03:03,62.2266,-6.589,49.12,88,79,33.42
179,Custoias,PT,2022-11-16 22:03:04,41.1053,-7.321,58.14,92,100,6.69
180,Saint-Denis,FR,2022-11-16 22:03:04,48.9167,2.3333,55.56,92,100,29.93
181,Zhigansk,RU,2022-11-16 22:03:04,66.7697,123.3711,-19.25,91,100,11.01
182,Coahuayana,MX,2022-11-16 22:04:04,18.7333,-103.6833,86.7,58,0,4.88
183,Touros,BR,2022-11-16 22:02:03,-5.1989,-35.4608,79.03,68,4,13.6
184,Kismayo,SO,2022-11-16 22:04:05,-0.3582,42.5454,78.66,82,6,10.42
185,Sao Felix Do Xingu,BR,2022-11-16 22:04:05,-6.6447,-51.995,74.97,95,100,1.36
186,Port Alfred,ZA,2022-11-16 22:04:05,-33.5906,26.891,62.19,94,66,3.0
187,Pathein,MM,2022-11-16 22:04:06,16.7833,94.7333,72.66,84,9,4.25
188,Ler,SS,2022-11-16 22:04:06,8.3018,30.1418,76.01,40,55,3.83
189,Nanortalik,GL,2022-11-16 22:04:06,60.1432,-45.2371,20.3,77,60,20.8
190,Lagoa,PT,2022-11-16 22:04:07,39.05,-27.9833,62.8,81,25,17.4
191,Kiunga,PG,2022-11-16 22:04:07,-6.1219,141.2906,76.17,97,100,0.72
192,Saskylakh,RU,2022-11-16 22:04:08,71.9167,114.0833,-27.65,99,99,5.28
193,Palmer,US,2022-11-16 22:04:08,42.1584,-72.3287,43.45,72,40,14.97
194,Aguas Vermelhas,BR,2022-11-16 22:04:08,-15.7472,-41.46,65.52,99,100,0.83
195,Narsaq,GL,2022-11-16 22:04:08,60.9167,-46.05,25.02,89,80,4.7
196,East London,ZA,2022-11-16 22:04:09,-33.0153,27.9116,67.17,76,81,3.27
197,Bengkulu,ID,2022-11-16 22:04:09,-3.8004,102.2655,73.33,97,100,12.97
198,Tual,ID,2022-11-16 22:04:09,-5.6667,132.75,83.23,73,97,10.11
199,Nome,US,2022-11-16 22:04:09,64.5011,-165.4064,30.27,80,100,18.41
200,Isangel,VU,2022-11-16 22:04:10,-19.55,169.2667,81.68,65,92,5.75
201,Antalya,TR,2022-11-16 22:04:10,36.7741,30.7178,58.08,72,40,10.36
202,Nur,PL,2022-11-16 22:04:10,52.6683,22.3221,34.48,74,95,14.65
203,Jaguarao,BR,2022-11-16 22:04:11,-32.5661,-53.3758,74.14,55,1,2.71
204,Estancia,BR,2022-11-16 22:04:11,-11.2683,-37.4383,75.31,87,72,7.31
205,Petropavlovsk-Kamchatskiy,RU,2022-11-16 22:04:11,53.0452,158.6483,12.79,67,0,8.95
206,Gourcy,BF,2022-11-16 22:04:11,13.2167,-2.35,76.59,13,76,9.01
207,Asau,RO,2022-11-16 22:04:12,46.4333,26.4,32.92,88,81,3.53
208,Cabo San Lucas,MX,2022-11-16 22:01:24,22.8909,-109.9124,82.51,64,98,3.87
209,Herat,AF,2022-11-16 22:04:12,34.5,62.0,48.33,48,10,4.54
210,Fortuna,US,2022-11-16 22:04:12,40.5982,-124.1573,65.93,52,0,3.44
211,Bilma,NE,2022-11-16 22:04:13,18.6853,12.9164,67.84,23,0,4.47
212,Nalut,LY,2022-11-16 22:04:13,30.3333,10.85,62.17,27,0,11.48
213,Esperance,AU,2022-11-16 22:04:13,-33.8667,121.9,60.33,73,100,26.33
214,Moron,AR,2022-11-16 22:04:13,-34.6534,-58.6198,93.06,39,0,6.87
215,Port Macquarie,AU,2022-11-16 22:04:14,-31.4333,152.9167,63.9,52,4,14.94
216,Pangnirtung,CA,2022-11-16 22:04:14,66.1451,-65.7125,-2.15,83,81,3.6
217,Balezino,RU,2022-11-16 22:04:14,57.9796,53.0106,15.08,92,86,5.57
218,Airai,TL,2022-11-16 22:04:14,-8.9266,125.4092,62.82,85,100,0.67
219,Hilo,US,2022-11-16 22:04:15,19.7297,-155.09,81.25,76,75,5.75
220,Ust-Kan,RU,2022-11-16 22:04:15,50.9276,84.761,10.38,83,93,8.14
221,Kloulklubed,PW,2022-11-16 22:04:15,7.0419,134.2556,75.7,78,100,16.2
222,Nesbyen,NO,2022-11-16 22:04:16,60.5681,9.1027,34.36,93,100,5.01
223,Asfi,MA,2022-11-16 22:04:16,32.2994,-9.2372,64.99,82,50,1.74
224,Governador Valadares,BR,2022-11-16 22:05:16,-18.8511,-41.9494,71.4,96,100,2.19
225,Gezing,AT,2022-11-16 22:05:16,47.9178,13.1299,42.35,99,20,9.22
226,Yalta,UA,2022-11-16 22:05:17,44.5,34.1667,54.23,86,78,11.92
227,Norman Wells,CA,2022-11-16 22:05:17,65.282,-126.8329,15.62,85,100,5.46
228,Mount Pleasant,US,2022-11-16 22:05:18,32.7941,-79.8626,53.6,91,100,10.36
229,Tilichiki,RU,2022-11-16 22:05:18,60.4667,166.1,8.1,95,35,4.12
230,Upata,VE,2022-11-16 22:05:18,8.0086,-62.3989,83.19,85,100,3.58
231,Tasiilaq,GL,2022-11-16 22:05:18,65.6145,-37.6368,32.16,91,100,20.42
232,Talnakh,RU,2022-11-16 22:05:19,69.4865,88.3972,-25.69,99,35,5.35
233,Georgetown,MY,2022-11-16 22:00:49,5.4112,100.3354,80.24,90,20,0.0
234,Berea,US,2022-11-16 22:05:19,41.3662,-81.8543,35.58,79,100,13.8
235,Gamba,GA,2022-11-16 22:05:19,-2.65,10.0,76.28,84,100,7.47
236,Port Shepstone,ZA,2022-11-16 22:05:20,-30.7414,30.455,69.26,82,100,7.96
237,Villefranche-Sur-Saone,FR,2022-11-16 22:05:20,45.9833,4.7167,55.94,79,91,8.28
238,Faanui,PF,2022-11-16 22:05:20,-16.4833,-151.75,79.14,76,100,2.75
239,Galveston,US,2022-11-16 22:02:42,29.3669,-94.9669,55.06,72,0,12.66
240,Ericeira,PT,2022-11-16 22:05:17,38.9627,-9.4156,65.77,92,100,18.1
241,Rio Gallegos,AR,2022-11-16 22:05:21,-51.6226,-69.2181,53.78,42,79,26.8
242,Luderitz,NA,2022-11-16 22:05:21,-26.6481,15.1594,61.27,80,15,12.77
243,Koygorodok,RU,2022-11-16 22:05:21,60.445,50.9968,13.93,88,100,4.16
244,Nova Vicosa,BR,2022-11-16 22:00:56,-17.8919,-39.3719,75.33,90,100,7.52
245,Sao Joao Da Barra,BR,2022-11-16 22:05:22,-21.6403,-41.0511,75.29,92,100,17.02
246,Udachnyy,RU,2022-11-16 22:05:22,66.4167,112.4,-12.55,100,98,0.81
247,Thinadhoo,MV,2022-11-16 22:05:22,0.5333,72.9333,80.96,74,85,12.62
248,Sabzevar,IR,2022-11-16 22:05:22,36.2126,57.6819,52.27,40,100,5.21
249,Zambezi,ZM,2022-11-16 22:05:23,-13.5432,23.1047,64.99,95,99,3.76
250,Pemberton,CA,2022-11-16 22:05:23,50.3164,-122.8027,52.21,67,99,1.95
251,Menzelinsk,RU,2022-11-16 22:05:23,55.7271,53.1026,18.01,96,94,4.76
252,Morondava,MG,2022-11-16 22:05:24,-20.2833,44.2833,79.39,77,4,6.44
253,Sydney Mines,CA,2022-11-16 22:05:24,46.2367,-60.2177,40.8,83,100,8.01
254,Dingzhou,CN,2022-11-16 22:05:24,38.5131,114.9956,42.67,51,0,4.43
255,Salinas,US,2022-11-16 22:01:07,36.6777,-121.6555,73.99,35,0,3.44
256,Mae Sot,TH,2022-11-16 22:05:24,16.7167,98.5667,73.42,95,44,2.08
257,Cherskiy,RU,2022-11-16 22:05:25,68.75,161.3,0.1,93,100,8.72
258,Ambon,ID,2022-11-16 22:05:25,-3.6954,128.1814,77.14,94,40,6.91
259,Comodoro Rivadavia,AR,2022-11-16 22:05:26,-45.8667,-67.5,60.66,51,0,21.85
260,Aberchirder,GB,2022-11-16 22:05:26,57.5601,-2.6286,49.28,44,96,5.99
261,Xiongzhou,CN,2022-11-16 22:02:04,25.1167,114.3,64.62,97,100,1.5
262,Ugra,RU,2022-11-16 22:05:26,54.7777,34.3267,23.0,88,7,3.04
263,Ikalamavony,MG,2022-11-16 22:05:26,-21.15,46.5833,69.33,80,72,2.13
264,Nijar,ES,2022-11-16 22:05:27,36.9665,-2.206,62.65,77,0,6.91
265,Kwekwe,ZW,2022-11-16 22:05:27,-18.9281,29.8149,68.86,40,23,4.38
266,Freeport,US,2022-11-16 22:03:34,40.6576,-73.5832,48.18,65,0,17.27
267,Houma,US,2022-11-16 22:05:27,29.5958,-90.7195,51.8,72,100,13.8
268,Lavrentiya,RU,2022-11-16 22:06:28,65.5833,-171.0,33.8,94,88,19.26
269,Pacific Grove,US,2022-11-16 22:06:28,36.6177,-121.9166,71.42,46,0,8.01
270,Ilulissat,GL,2022-11-16 22:06:28,69.2167,-51.1,15.82,73,75,6.91
271,Tarko-Sale,RU,2022-11-16 22:06:28,64.9225,77.785,-9.22,81,70,7.52
272,Mabama,TZ,2022-11-16 22:06:29,-5.1333,32.5333,68.23,86,100,3.42
273,Pisco,PE,2022-11-16 22:06:29,-13.7,-76.2167,68.05,73,0,19.57
274,Payo,ID,2022-11-16 22:06:29,-3.7508,103.6372,72.68,97,99,1.52
275,Tuatapere,NZ,2022-11-16 22:06:30,-46.1333,167.6833,57.67,93,100,4.12
276,Chake Chake,TZ,2022-11-16 22:06:30,-5.2459,39.7666,76.91,84,64,7.27
277,Caraquet,CA,2022-11-16 22:06:30,47.7941,-64.9386,33.64,98,100,15.95
278,Sitka,US,2022-11-16 22:06:30,57.0531,-135.33,51.69,71,20,5.75
279,Pevek,RU,2022-11-16 22:06:31,69.7008,170.3133,7.03,95,100,1.01
280,Wote,KE,2022-11-16 22:06:31,-1.7808,37.6288,64.31,93,99,1.5
281,Guasdualito,VE,2022-11-16 22:06:32,7.2424,-70.7324,78.28,89,100,4.12
282,Ewa Beach,US,2022-11-16 22:06:32,21.3156,-158.0072,84.15,54,75,18.41
283,Korla,CN,2022-11-16 22:06:32,41.7597,86.1469,39.36,44,100,4.25
284,Chumikan,RU,2022-11-16 22:06:32,54.7183,135.315,8.62,85,58,13.49
285,Nova Friburgo,BR,2022-11-16 22:06:33,-22.2819,-42.5311,60.44,98,100,5.5
286,Ginda,IN,2022-11-16 22:06:33,30.6945,78.4932,42.66,37,0,7.25
287,Sapernoye,RU,2022-11-16 22:06:33,60.7167,29.9505,31.66,94,90,4.68
288,Sydney,AU,2022-11-16 22:03:02,-33.8679,151.2073,63.55,59,20,11.5
289,Domingos Martins,BR,2022-11-16 22:06:33,-20.3633,-40.6592,65.61,99,100,1.19
290,Inawashiro,JP,2022-11-16 22:06:34,37.5667,140.1167,40.93,92,98,3.24
291,Igrim,RU,2022-11-16 22:06:34,63.1906,64.4162,-11.56,95,16,3.47
292,Agua Branca,BR,2022-11-16 22:06:34,-5.8922,-42.6361,83.7,39,24,2.95
293,Suclayin,PH,2022-11-16 22:06:34,15.7568,121.5503,74.93,91,98,1.12
294,Evensk,RU,2022-11-16 22:06:35,61.95,159.2333,1.36,89,99,6.87
295,Saint-Francois,FR,2022-11-16 22:06:35,46.4154,3.9054,53.04,71,0,9.22
296,Nybro,SE,2022-11-16 22:06:35,56.7446,15.9071,41.81,66,100,7.9
297,Pietarsaari,FI,2022-11-16 22:06:35,63.65,22.6833,33.89,76,21,4.41
298,Novoagansk,RU,2022-11-16 22:06:36,61.9449,76.6625,-13.63,95,24,4.59
299,San Policarpo,PH,2022-11-16 22:06:36,12.1791,125.5072,80.8,84,71,11.18
300,Grimshaw,CA,2022-11-16 22:06:36,56.1834,-117.6027,18.75,65,2,6.96
301,Mutis,CO,2022-11-16 22:06:36,6.2262,-77.4044,79.09,88,97,6.89
302,Fallon,US,2022-11-16 22:06:37,39.4735,-118.7774,44.47,36,0,3.44
303,Kosh-Agach,RU,2022-11-16 22:06:37,50.0,88.6667,20.84,60,100,12.48
304,Padang,ID,2022-11-16 22:06:37,-0.9492,100.3543,74.73,96,100,9.44
305,Ust-Ilimsk,RU,2022-11-16 22:06:37,58.0006,102.6619,29.14,87,100,11.79
306,Narok,KE,2022-11-16 22:06:38,-1.0783,35.8601,61.47,85,100,3.38
307,Cassilandia,BR,2022-11-16 22:06:38,-19.1133,-51.7342,80.13,20,0,6.42
308,Erenhot,CN,2022-11-16 22:06:38,43.6475,111.9767,29.37,50,1,9.6
309,Jauharabad,PK,2022-11-16 22:06:38,32.2898,72.2813,62.89,41,0,2.91
310,Wageningen,NL,2022-11-16 22:06:38,51.9667,5.6667,50.95,85,100,14.97
311,Moreira Sales,BR,2022-11-16 22:06:39,-24.0622,-53.0069,69.57,63,1,5.28
312,Bilibino,RU,2022-11-16 22:06:39,68.0546,166.4372,-4.32,97,99,2.75
313,Ketchikan,US,2022-11-16 22:06:39,55.3422,-131.6461,45.07,87,0,11.5
314,Saint-Philippe,RE,2022-11-16 22:06:40,-21.3585,55.7679,67.59,76,37,7.4
315,Ola,RU,2022-11-16 22:06:40,59.5833,151.2833,7.84,90,98,9.06
316,Nouadhibou,MR,2022-11-16 22:07:41,20.931,-17.0347,75.07,55,3,14.81
317,Abadan,IR,2022-11-16 22:07:41,30.3392,48.3043,73.35,83,75,16.11
318,Llanes,ES,2022-11-16 22:07:41,43.4198,-4.7549,63.9,80,60,13.31
319,Lodwar,KE,2022-11-16 22:07:41,3.1191,35.5973,81.99,52,88,13.78
320,Richards Bay,ZA,2022-11-16 22:07:41,-28.783,32.0377,71.22,93,69,6.85
321,Maralal,KE,2022-11-16 22:07:42,1.0968,36.698,60.06,82,99,4.12
322,Vestmannaeyjar,IS,2022-11-16 22:07:42,63.4427,-20.2734,47.52,83,100,36.42
323,Carballo,ES,2022-11-16 22:07:42,43.213,-8.691,61.07,87,100,8.46
324,Guerrero Negro,MX,2022-11-16 22:07:43,27.9769,-114.0611,74.34,28,0,4.14
325,Muyezerskiy,RU,2022-11-16 22:07:43,63.9333,31.65,26.28,96,79,4.14
326,Batagay,RU,2022-11-16 22:07:43,67.6333,134.6333,-41.51,98,21,3.4
327,College,US,2022-11-16 22:07:44,64.8569,-147.8028,13.06,85,20,0.0
328,Zeya,RU,2022-11-16 22:07:44,53.75,127.2667,6.44,98,84,3.33
329,Malacacheta,BR,2022-11-16 22:07:44,-17.8422,-42.0767,66.54,97,100,1.59
330,Yar-Sale,RU,2022-11-16 22:07:44,66.8333,70.8333,6.28,93,100,7.56
331,Hambantota,LK,2022-11-16 22:07:45,6.1241,81.1185,75.54,100,75,2.3
332,Chapais,CA,2022-11-16 22:07:45,49.7834,-74.8492,19.18,95,100,5.55
333,Three Hills,CA,2022-11-16 22:07:45,51.7001,-113.2686,26.62,82,100,23.0
334,Beringovskiy,RU,2022-11-16 22:07:45,63.05,179.3167,30.45,93,100,4.14
335,Huejuquilla El Alto,MX,2022-11-16 22:07:46,22.6,-103.8667,75.11,15,50,12.37
336,Kieta,PG,2022-11-16 22:07:46,-6.2167,155.6333,82.67,68,100,3.42
337,Itarema,BR,2022-11-16 22:05:25,-2.9248,-39.9167,79.21,73,23,16.58
338,Behshahr,IR,2022-11-16 22:07:46,36.6923,53.5526,57.18,53,60,4.76
339,Kushmurun,KZ,2022-11-16 22:07:46,52.4503,64.6311,7.48,95,48,3.69
340,Hastings,GB,2022-11-16 22:07:47,50.8552,0.5729,55.92,91,94,29.91
341,Moba,CN,2022-11-16 22:07:47,33.2288,105.0179,40.32,93,100,4.7
342,Bom Jesus,BR,2022-11-16 22:07:47,-9.0744,-44.3586,83.01,42,28,1.36
343,Konya,TR,2022-11-16 22:07:47,38.1667,32.5,35.08,49,99,2.64
344,Lithakia,GR,2022-11-16 22:07:48,37.7167,20.8333,60.17,74,78,10.71
345,Tuy Hoa,VN,2022-11-16 22:07:48,13.0833,109.3,75.16,93,99,4.45
346,Coquimbo,CL,2022-11-16 22:07:48,-29.9533,-71.3436,62.33,82,40,11.5
347,Sola,VU,2022-11-16 22:07:48,-13.8833,167.55,81.48,73,15,7.36
348,Lima,PE,2022-11-16 22:07:39,-12.0432,-77.0282,72.9,67,20,14.97
349,Sur,OM,2022-11-16 22:07:49,22.5667,59.5289,76.37,76,8,3.96
350,Soyo,AO,2022-11-16 22:07:49,-6.1349,12.3689,76.87,78,92,7.65
351,Paamiut,GL,2022-11-16 22:07:49,61.994,-49.6678,15.26,84,59,11.7
352,Kruisfontein,ZA,2022-11-16 22:07:49,-34.0033,24.7314,60.89,72,64,5.97
353,Buala,SB,2022-11-16 22:07:50,-8.145,159.5921,83.89,66,100,0.83
354,Labuhan,ID,2022-11-16 22:07:50,-6.8844,112.2051,79.05,85,100,4.94
355,Ust-Kuyga,RU,2022-11-16 22:07:50,70.0167,135.6,-37.91,100,98,7.27
356,Saint Anthony,US,2022-11-16 22:07:50,45.0205,-93.218,32.25,86,100,14.97
357,Kabare,CD,2022-11-16 22:07:51,-2.4683,28.8242,62.11,97,100,2.44
358,Hami,CN,2022-11-16 22:07:51,42.8,93.45,35.44,42,100,1.52
359,Lysa Hora,UA,2022-11-16 22:07:51,48.1706,31.1099,43.32,90,94,4.21
360,Qui Nhon,VN,2022-11-16 22:07:51,13.7667,109.2333,75.33,92,62,6.4
361,Katsuura,JP,2022-11-16 22:07:52,35.1333,140.3,56.55,75,40,13.76
362,Sarai Alamgir,PK,2022-11-16 22:07:52,32.9012,73.7559,60.03,56,0,6.42
363,Nishihara,JP,2022-11-16 22:07:52,26.1842,127.7558,73.06,73,75,9.22
364,Bull Savanna,JM,2022-11-16 22:08:52,17.8868,-77.5902,80.02,78,64,6.82
365,Blacksburg,US,2022-11-16 22:08:50,37.2296,-80.4139,38.16,71,100,9.22
366,Tamiahua,MX,2022-11-16 22:08:53,21.2667,-97.45,66.2,73,100,13.51
367,Lazaro Cardenas,MX,2022-11-16 22:08:53,17.9583,-102.2,83.32,69,0,8.61
368,Bubaque,GW,2022-11-16 22:08:53,11.2833,-15.8333,82.09,73,100,5.3
369,Uhlove,UA,2022-11-16 22:08:53,44.8215,33.6045,56.01,85,64,13.29
370,Wanxian,CN,2022-11-16 22:08:54,30.8039,108.3897,57.47,88,99,2.53
371,Palmas,BR,2022-11-16 22:08:54,-10.2128,-48.3603,82.27,69,75,4.61
372,Boguchany,RU,2022-11-16 22:08:54,58.3814,97.4531,29.82,87,100,11.16
373,Balabac,PH,2022-11-16 22:08:54,7.9868,117.0645,81.32,82,100,8.97
374,Gijon,ES,2022-11-16 22:08:55,43.5357,-5.6615,67.46,76,78,3.0
375,Tabuk,PH,2022-11-16 22:08:55,17.4189,121.4443,70.79,91,14,2.33
376,Filadelfia,US,2022-11-16 22:04:44,39.9523,-75.1638,46.71,57,40,16.11
377,Nioro,GM,2022-11-16 22:08:55,13.35,-15.75,81.68,52,77,2.68
378,Muros,ES,2022-11-16 22:08:55,42.7762,-9.0603,63.09,79,100,15.23
379,Hay River,CA,2022-11-16 22:08:56,60.8156,-115.7999,9.23,84,16,5.79
380,Kayerkan,RU,2022-11-16 22:08:56,69.3497,87.7602,-29.13,100,88,2.13
381,Muleba,TZ,2022-11-16 22:08:56,-1.8397,31.6544,67.17,79,99,3.06
382,Sakaiminato,JP,2022-11-16 22:08:56,35.55,133.2333,44.53,62,100,5.06
383,Avera,US,2022-11-16 22:08:56,33.194,-82.5271,53.91,43,100,11.32
384,Hirson,FR,2022-11-16 22:08:57,49.9226,4.0826,51.85,89,100,25.97
385,Umm Kaddadah,SD,2022-11-16 22:08:57,13.6017,26.6876,70.27,24,1,14.29
386,Wadena,US,2022-11-16 22:08:57,46.4425,-95.1361,19.15,79,40,6.91
387,Nagorsk,RU,2022-11-16 22:08:57,59.3172,50.8078,13.39,86,100,3.27
388,Millinocket,US,2022-11-16 22:08:58,45.6573,-68.7098,29.41,100,100,10.36
389,Berlevag,NO,2022-11-16 22:08:58,70.8578,29.0864,40.8,41,0,18.41
390,Baykit,RU,2022-11-16 22:08:58,61.67,96.37,-2.52,98,100,3.49
391,Hofn,IS,2022-11-16 22:08:58,64.2539,-15.2082,44.76,92,99,12.17
392,Marzuq,YE,2022-11-16 22:08:59,14.4,46.4667,63.39,62,16,2.42
393,Probolinggo,ID,2022-11-16 22:07:23,-7.7543,113.2159,77.22,83,64,4.23
394,Rocha,UY,2022-11-16 22:08:59,-34.4833,-54.3333,65.26,80,21,3.24
395,Severo-Kurilsk,RU,2022-11-16 22:08:59,50.6789,156.125,33.04,69,64,5.84
396,Dongsheng,CN,2022-11-16 22:09:00,39.8161,109.9776,34.75,45,6,6.17
397,Cumra,TR,2022-11-16 22:09:00,37.5732,32.7745,37.54,54,100,6.17
398,Druzhba,UA,2022-11-16 22:09:00,52.0428,33.9453,29.43,84,100,12.77
399,Borogontsy,RU,2022-11-16 22:09:00,62.6683,131.1683,-34.67,97,25,6.4
400,Dunedin,NZ,2022-11-16 22:09:01,-45.8742,170.5036,55.8,99,100,2.64
401,Bonthe,SL,2022-11-16 22:09:01,7.5264,-12.505,78.08,80,48,2.73
402,Hamilton,US,2022-11-16 22:05:31,39.1834,-84.5333,36.45,82,75,11.5
403,Tiverton,GB,2022-11-16 22:09:02,50.9,-3.4833,47.17,95,100,8.99
404,Calvinia,ZA,2022-11-16 22:09:02,-31.4707,19.776,56.98,53,50,5.26
405,Alofi,NU,2022-11-16 22:09:02,-19.0595,-169.9187,82.29,78,40,9.22
406,Andujar,ES,2022-11-16 22:09:02,38.0392,-4.0508,63.95,93,100,8.63
407,Tatawin,TN,2022-11-16 22:09:03,32.9297,10.4518,65.41,28,39,13.35
408,Bontang,ID,2022-11-16 22:08:09,0.1333,117.5,76.35,91,100,4.54
409,Fuerte Olimpo,PY,2022-11-16 22:10:03,-21.0415,-57.8738,78.75,47,0,5.23
410,Entre Rios,BR,2022-11-16 22:10:03,-11.9419,-38.0844,73.83,85,98,6.93
411,Ridgetown,CA,2022-11-16 22:07:42,42.4334,-81.8998,35.46,74,100,12.39
412,Ukiah,US,2022-11-16 22:10:04,39.1502,-123.2078,74.37,35,0,1.01
413,Saint-Leu,RE,2022-11-16 22:10:04,-21.15,55.2833,69.31,66,11,0.18
414,West Wendover,US,2022-11-16 22:10:05,40.7391,-114.0733,36.61,44,0,4.61
415,Champerico,GT,2022-11-16 22:10:06,14.3,-91.9167,91.94,68,87,4.36
416,Oloron-Sainte-Marie,FR,2022-11-16 22:10:06,43.1944,-0.6107,63.97,69,100,4.63
417,Sironko,UG,2022-11-16 22:10:06,1.2313,34.2477,66.88,85,100,3.15
418,Livezile,RO,2022-11-16 22:10:07,47.1833,24.5667,44.92,89,100,2.71
419,Grindavik,IS,2022-11-16 22:10:07,63.8424,-22.4338,45.07,81,75,19.57
420,Poum,NC,2022-11-16 22:10:07,-20.2333,164.0167,79.14,76,97,5.48
421,Guapiacu,BR,2022-11-16 22:10:07,-20.795,-49.2203,80.26,21,0,7.81
422,Urumqi,CN,2022-11-16 22:08:01,43.801,87.6005,31.15,80,75,2.24
423,Namibe,AO,2022-11-16 22:10:08,-15.1961,12.1522,68.18,80,41,9.28
424,Krasnoselkup,RU,2022-11-16 22:10:08,65.7,82.4667,-21.03,100,38,5.37
425,Batemans Bay,AU,2022-11-16 22:10:09,-35.7167,150.1833,56.1,44,14,5.88
426,Maltahohe,NA,2022-11-16 22:10:09,-24.8333,16.9833,71.04,17,3,11.36
427,Palakkodu,IN,2022-11-16 22:10:09,12.3,78.0833,65.91,95,45,2.53
428,Manggar,ID,2022-11-16 22:10:10,-2.8833,108.2667,78.64,89,69,7.58
429,Yavatmal,IN,2022-11-16 22:10:10,20.4,78.1333,62.91,53,0,3.31
430,Ndjole,GA,2022-11-16 22:10:10,-0.1783,10.7649,72.54,98,100,1.54
431,Black River,JM,2022-11-16 22:10:10,18.0264,-77.8487,82.29,76,73,3.44
432,Auce,LV,2022-11-16 22:10:11,56.4598,22.9017,28.9,81,54,5.35
433,Zarubino,RU,2022-11-16 22:10:11,42.63,131.0922,36.86,57,3,4.68
434,Kirakira,SB,2022-11-16 22:10:11,-10.4544,161.9205,83.41,77,54,4.9
435,Atyrau,KZ,2022-11-16 22:10:00,47.1167,51.8833,32.02,74,0,15.66
436,Dondo,MZ,2022-11-16 22:10:12,-19.6094,34.7431,70.32,86,5,5.91
437,Humaita,BR,2022-11-16 22:10:12,-7.5061,-63.0208,78.28,84,100,2.33
438,Birin,NP,2022-11-16 22:10:12,26.8865,88.0718,47.64,78,1,4.52
439,Bandarbeyla,SO,2022-11-16 22:10:12,9.4942,50.8122,78.06,70,12,15.46
440,Axim,GH,2022-11-16 22:10:13,4.8699,-2.2405,78.04,84,5,7.07
441,Bitung,ID,2022-11-16 22:10:13,1.4451,125.1824,76.05,80,92,4.72
442,Aleksandrov Gay,RU,2022-11-16 22:10:14,50.147,48.5704,30.42,77,100,10.47
443,San Cristobal,VE,2022-11-16 22:10:14,7.7669,-72.225,73.58,76,74,2.68
444,Khromtau,KZ,2022-11-16 22:10:14,50.2503,58.4347,21.52,88,100,6.8
445,Wangqing,CN,2022-11-16 22:10:14,43.3218,129.7634,27.7,74,5,1.88
446,Abdanan,IR,2022-11-16 22:10:15,32.9926,47.4198,54.88,81,17,3.09
447,Acapulco,MX,2022-11-16 22:05:20,16.8634,-99.8901,85.82,70,75,9.22
448,Sokolo,ML,2022-11-16 22:10:15,14.7328,-6.1219,80.53,15,59,9.44
449,Jiexiu,CN,2022-11-16 22:09:07,37.0244,111.9125,45.66,47,0,2.15
450,Carmaux,FR,2022-11-16 22:10:15,44.051,2.158,53.87,82,100,4.99
451,Senno,RU,2022-11-16 22:10:16,59.5336,33.9167,27.27,96,99,4.74
452,San Quintin,MX,2022-11-16 22:10:16,30.4833,-115.95,67.12,38,0,7.87
453,Krasnodon,UA,2022-11-16 22:10:16,48.2923,39.7373,38.64,67,100,6.6
454,Carolina,PR,2022-11-16 22:10:17,18.3808,-65.9574,82.29,78,40,13.8
455,Constitucion,CL,2022-11-16 22:10:17,-35.3333,-72.4167,64.89,64,28,14.88
456,Waingapu,ID,2022-11-16 22:11:17,-9.6567,120.2641,80.69,80,100,1.86
457,Smirnykh,RU,2022-11-16 22:11:17,49.75,142.8333,16.66,90,17,3.69
458,Halifax,CA,2022-11-16 22:07:50,44.6453,-63.5724,50.22,94,100,11.01
459,Khani,GE,2022-11-16 22:11:18,41.9563,42.9566,44.17,58,100,3.69
460,Chiari,IT,2022-11-16 22:11:18,45.5359,9.9304,52.86,50,22,2.86
461,Kotido,UG,2022-11-16 22:11:18,2.9806,34.1331,71.6,59,84,6.6
462,Cayenne,GF,2022-11-16 22:11:19,4.9333,-52.3333,82.44,74,0,3.44
463,Mathathane,BW,2022-11-16 22:11:19,-22.2687,28.7495,82.18,29,0,3.06
464,Chama,CH,2022-11-16 22:11:19,47.1821,8.4636,49.28,90,75,0.0
465,Rajur,IN,2022-11-16 22:11:19,20.1167,78.9167,62.53,59,1,1.83
466,Alexandria,EG,2022-11-16 22:08:24,31.2156,29.9553,67.05,68,0,6.89
467,Kaputa,ZM,2022-11-16 22:11:20,-8.4689,29.6619,69.91,84,96,1.01
468,Aragarcas,BR,2022-11-16 22:11:20,-15.8975,-52.2508,87.69,31,23,3.13
469,Belmonte,BR,2022-11-16 22:11:20,-15.8631,-38.8828,76.55,87,100,6.13
470,Kiruna,SE,2022-11-16 22:11:21,67.8557,20.2251,11.32,73,0,11.5
471,Limoncito,BO,2022-11-16 22:11:21,-18.0167,-63.4,88.16,37,11,5.19
472,Dasoguz,TM,2022-11-16 22:11:21,41.8363,59.9666,34.9,52,57,11.65
473,Muisne,EC,2022-11-16 22:11:22,0.6,-80.0333,74.52,85,100,10.22
474,Hoi An,VN,2022-11-16 22:09:53,15.8794,108.335,76.96,90,5,4.56
475,Great Bend,US,2022-11-16 22:11:22,38.3645,-98.7648,39.61,45,0,16.11
476,Pundaguitan,PH,2022-11-16 22:11:22,6.3711,126.1689,76.03,97,100,13.8
477,Palana,RU,2022-11-16 22:11:22,59.1167,159.9667,22.8,78,100,14.9
478,Aykhal,RU,2022-11-16 22:11:23,66.0,111.5,-16.44,100,98,0.83
479,Honiara,SB,2022-11-16 22:10:32,-9.4333,159.95,83.73,74,100,2.08
480,Tupelo,US,2022-11-16 22:09:28,34.2576,-88.7034,52.09,38,0,0.0
481,Zhoucheng,CN,2022-11-16 22:11:23,35.9122,116.3117,44.78,55,0,5.82
482,Sioux Lookout,CA,2022-11-16 22:11:23,50.1001,-91.917,24.87,80,75,3.44
483,Flinders,AU,2022-11-16 22:11:24,-34.5833,150.8552,62.06,53,3,5.99
484,Victoria,HK,2022-11-16 22:10:31,22.2855,114.1577,74.32,87,97,10.0
485,Kenai,US,2022-11-16 22:11:24,60.5544,-151.2583,34.14,78,0,14.97
486,Chicama,PE,2022-11-16 22:11:24,-7.8447,-79.1469,61.34,69,49,8.97
487,Guadalajara,MX,2022-11-16 22:08:51,20.6667,-103.3333,82.98,35,0,0.0
488,Srednekolymsk,RU,2022-11-16 22:11:25,67.45,153.6833,-7.64,95,100,9.69
489,Lucea,JM,2022-11-16 22:11:25,18.451,-78.1736,82.85,80,55,15.23
490,Alyangula,AU,2022-11-16 22:11:25,-13.8483,136.4192,84.49,69,90,2.91
491,Clarence Town,AU,2022-11-16 22:11:25,-32.5833,151.7833,63.14,53,9,6.31
492,Alvorada,BR,2022-11-16 22:11:26,-12.48,-49.1247,77.38,79,99,0.96
493,Moose Factory,CA,2022-11-16 22:11:26,51.2585,-80.6094,19.38,86,100,11.5
494,Sabang,ID,2022-11-16 22:11:26,5.8933,95.3214,80.82,77,100,21.5
495,Batticaloa,LK,2022-11-16 22:11:26,7.7102,81.6924,75.61,77,100,9.19
496,Tallahassee,US,2022-11-16 22:09:30,30.4383,-84.2807,58.86,69,99,7.83
497,Izhma,RU,2022-11-16 22:11:27,65.0083,53.9113,-8.18,99,31,4.72
498,Qianguo,CN,2022-11-16 22:11:27,45.1171,124.8568,24.82,92,96,6.71
499,Greymouth,NZ,2022-11-16 22:09:49,-42.4667,171.2,67.26,53,100,4.21
500,Longyearbyen,SJ,2022-11-16 22:11:27,78.2186,15.6401,24.64,68,20,18.41
501,Kathmandu,NP,2022-11-16 22:06:46,27.7167,85.3167,52.02,87,20,2.3
502,Raudeberg,NO,2022-11-16 22:11:28,61.9875,5.1352,51.87,27,0,4.47
503,Talara,PE,2022-11-16 22:12:28,-4.5772,-81.2719,70.56,78,75,17.27
504,Bathsheba,BB,2022-11-16 22:12:28,13.2167,-59.5167,81.21,78,20,14.97
505,Acari,PE,2022-11-16 22:12:28,-15.4311,-74.6158,71.42,66,89,5.01
506,Samoylovka,RU,2022-11-16 22:12:29,51.184,43.7081,30.15,97,100,6.4
507,Lasa,IT,2022-11-16 22:12:29,46.6166,10.7002,37.02,71,81,1.72
508,Broken Hill,AU,2022-11-16 22:12:29,-31.95,141.4333,55.83,46,0,9.66
509,Aguimes,ES,2022-11-16 22:12:30,27.9054,-15.4461,71.65,78,0,6.91
510,Amarante Do Maranhao,BR,2022-11-16 22:12:30,-5.5667,-46.7422,77.77,73,83,1.36
511,Honningsvag,NO,2022-11-16 22:12:30,70.9821,25.9704,37.15,60,0,10.36
512,Arroyo,ES,2022-11-16 22:12:31,41.6096,-4.7969,57.6,91,100,19.57
513,Asilah,MA,2022-11-16 22:12:31,35.465,-6.0348,67.96,90,45,12.68
514,Taunggyi,MM,2022-11-16 22:12:31,20.7833,97.0333,56.39,93,1,0.6
515,Salinopolis,BR,2022-11-16 22:12:31,-0.6136,-47.3561,80.02,75,88,10.11
516,Moindou,NC,2022-11-16 22:12:32,-21.6924,165.677,80.01,72,97,6.06
517,Guiglo,CI,2022-11-16 22:12:32,6.5456,-7.4966,72.12,71,89,1.86
518,Port Augusta,AU,2022-11-16 22:12:32,-32.5,137.7667,61.36,44,0,9.48
519,Sept-Iles,CA,2022-11-16 22:08:10,50.2001,-66.3821,27.05,79,100,7.0
520,Egvekinot,RU,2022-11-16 22:12:32,66.3167,-179.1667,29.39,99,100,7.65
521,Ibra,OM,2022-11-16 22:12:33,22.6906,58.5334,69.78,80,11,0.92
522,Sovetskiy,RU,2022-11-16 22:12:33,61.3614,63.5842,-6.72,95,20,1.77
523,Sembe,CG,2022-11-16 22:12:33,1.6481,14.5806,70.63,95,99,2.13
524,Madang,PG,2022-11-16 22:12:33,-5.2246,145.7966,79.84,85,99,2.77
525,Sadiqabad,PK,2022-11-16 22:12:34,28.3062,70.1307,66.29,38,0,7.85
526,Yamoussoukro,CI,2022-11-16 22:12:34,6.8206,-5.2767,70.86,94,41,1.54
527,Tacoronte,ES,2022-11-16 22:12:34,28.4769,-16.4102,71.92,38,0,8.05
528,Guozhen,CN,2022-11-16 22:11:04,34.3659,107.359,46.65,77,31,2.46
529,Jozefow,PL,2022-11-16 22:12:34,52.1371,21.2359,38.16,87,75,12.66
530,San Vicente De Canete,PE,2022-11-16 22:12:35,-13.0751,-76.3835,67.91,76,91,7.34
531,Derzhavinsk,KZ,2022-11-16 22:12:35,51.1,66.3167,18.21,94,50,7.4
532,Durban,ZA,2022-11-16 22:12:35,-29.8579,31.0292,69.93,93,99,3.0
533,Talcahuano,CL,2022-11-16 22:12:36,-36.7167,-73.1167,65.88,68,0,14.97
534,Jacareacanga,BR,2022-11-16 22:12:36,-6.2222,-57.7528,81.39,73,98,3.0
535,Brigantine,US,2022-11-16 22:12:36,39.4101,-74.3646,48.99,65,0,12.66
536,San Rafael,AR,2022-11-16 22:12:36,-34.6177,-68.3301,85.69,28,2,12.06
537,Los Llanos De Aridane,ES,2022-11-16 22:12:37,28.6585,-17.9182,70.12,28,0,10.0
538,Price,US,2022-11-16 22:12:37,39.5994,-110.8107,40.26,30,0,3.44
539,Ewo,CG,2022-11-16 22:12:37,-0.8725,14.8206,73.06,88,100,2.39
540,Bani Walid,LY,2022-11-16 22:12:38,31.7566,13.9942,65.66,26,0,13.58
541,Dongzhen,CN,2022-11-16 22:12:38,22.3797,110.9389,72.14,89,42,1.52
542,Igarka,RU,2022-11-16 22:12:38,67.4667,86.5833,-24.21,98,14,8.55
543,Yingcheng,CN,2022-11-16 22:12:38,30.95,113.55,51.3,75,32,1.45
544,Fez,MA,2022-11-16 22:12:39,34.0372,-4.9998,61.05,63,0,5.75
545,Riyadh,SA,2022-11-16 22:10:00,24.6877,46.7219,73.54,28,6,10.69
